{"trainedAt":"2026-04-28T16:34:06.040Z","minutes":10,"architecture":{"input":12,"hidden":40,"output":1,"objective":"hard-move-imitation-bce"},"training":{"games":16,"samples":6242,"avgLoss":0.5917355898507475},"w1":[[0.06509012650335963,0.058558769868482276,-0.0027461682453312234,0.053485355998965804,0.02360656880778273,-0.04918857383987944,-0.04009099745146255,-0.045156459231526426,0.054605828487195834,-0.006397755166039919,0.07220249292777257,0.039464177336596545,0.04768269646108748,0.008215255746873743,-0.045163368749743485,-0.03981172714538124,-0.019109522641985306,0.02959762053684841,0.05014132154318955,0.008507863950358891,0.045872782500087694,-0.015022642694863007,-0.025118425717213705,-0.011230697719270695,-0.04313698633106229,-0.003631386995821014,0.0038794740404824806,0.04785861409233208,0.04313058627364229,0.036730162717335625,0.04855240487892461,0.00860846124221824,0.002354968871171407,-0.003962363441705862,0.03639439830994985,-0.019391062489643958,-0.007001160789447098,0.015351470016066232,0.03358428581908936,-0.03403216677435193],[0.027064330465659977,0.040902639428508074,-0.020187459527162457,0.06628418689169238,0.03942260623549738,-0.014679143914052855,0.016747650047382635,-0.044211114470151004,-0.03906704243004466,-0.02420092383180576,0.03492294961438139,0.04900192498902321,-0.009924177758301617,0.020422622898114244,0.023042807819249223,0.024722811372886552,-0.01434170817637689,0.05693351424151317,-0.0009371105212937972,0.002674242331667436,0.05039070276188679,0.0037410807054920397,-0.01067565801349737,-0.002014576047467131,0.02100612461703121,-0.0390905541671909,-0.04798844103665734,-0.008782340972373678,0.028561768084322696,-0.005883949416784684,-0.019719944097483615,0.021665236561192673,0.041069484763882974,-0.00541362083717949,-0.03589267525811937,0.04454800993830746,-0.039968693826692485,0.045074476751713596,0.030941976021023977,-0.03431470724428913],[0.027119149100405335,-0.012617000633074553,0.02669437560483833,0.07040257487024199,-0.042903293539408256,0.0450852808093855,0.04506433918116031,-0.011878690865579083,0.03193289920419989,0.011410161900809816,0.023276972032646677,0.004965240583646603,0.00223272013792519,-0.02074134246116287,0.02638030798653353,-0.0064998761206599975,0.04354142122169719,-0.021629577976719272,0.002743661578453517,-0.02590640843584233,0.012693707586499056,-0.02814885212620151,-0.02247088926445246,0.04409294676988806,-0.03464953385280182,0.031318761121035044,0.005076502645216728,0.023939551746791812,-0.04681232515918165,0.06810766028009534,-0.03371198315207224,-0.005167080244036992,0.010638513897758049,0.01609436140682032,-0.03921628900496526,-0.03687272225100406,0.03720767696680865,-0.0013228315358082589,-0.019657498043933658,-0.006984307118017467],[0.005588120596415787,0.0214806867350113,0.025107745680019142,0.022936276486018422,0.004093596120118327,-0.007014991718658466,-0.00262248112502199,0.003539444058044278,-0.02388058655980888,-0.0068545330690485875,0.051023744212316806,-0.026460449820279428,0.023059598469585343,0.016366435804610734,0.022108968901716267,-0.014417487622712891,-0.03468348078645127,-0.014846056161087319,0.005413199768807699,0.0461680173587595,0.02034057705765303,-0.04394591364714026,0.008844209422438971,-0.011385065189454818,0.009433978187402107,0.01330115941757534,0.033798511008579,-0.03246064615284128,0.04118745830065257,-0.003867746178627665,0.011346557959957206,0.039972467994390005,0.01111127540138484,0.024501100660397245,0.0402242681175961,-0.01400910187197817,0.033452155855229565,0.041855563093751325,0.023850999802326276,-0.04366533760460083],[0.04086995312551268,0.01484832703658696,0.04031286874519608,0.01544868901975333,0.024312769352324487,-0.028191518270937015,0.02831198113440488,0.029941227310648057,0.04060139432722313,0.011078160996864327,0.035838857061131546,-0.03288742092711066,0.028090479947043022,0.0423957811786126,-0.0013927208808158513,-0.010492696982457724,0.025911631731434525,-0.04035614672946372,0.033443695367378234,0.012706831848656645,0.03471257147737046,-0.012152992130239076,-0.029085229564458193,-0.04477002693209519,-0.00040085175507423467,-0.0219629528698185,-0.02088844193814071,-0.047544804585962504,-0.028870660221173586,0.02536298909890275,0.007637642565508832,0.0016549955098663785,0.02308783482970656,-0.01263746730936775,-0.018049939654101704,0.05191778237409025,0.02873376894138755,-0.00010028160151655413,-0.01295852328565874,-0.041408619245229546],[-0.016202283684614297,0.050609753347393545,-0.025826084567799515,-0.001773523494849239,0.03454250478534346,-0.014440455304581183,0.04608917095156026,-0.023285714742113748,-0.0387133939466013,0.004740828631238377,0.02861000696772283,-0.0332749689607783,-0.04409701108317247,0.005757146859054723,0.043190149444803046,-0.04216088079451047,0.009805204151272314,-0.006690462517739198,-0.034333812604384194,0.03818758521093909,-0.025901955854119193,-0.0033492634670331768,-0.04382589048815,0.03905923645407202,0.02906193007114601,0.04277195893473761,-0.03867473741212735,-0.009556422092741757,0.036079737075321125,0.047801681313129715,-0.027944963914710484,0.0039865194523550605,-0.012618867544918215,0.0499061238528287,0.05076905575523958,0.03889154820205177,-0.04259442517791911,-0.01109064672953472,-0.0021667311793701566,-0.04536205464159991],[-0.03808470875480944,-0.008841395910797748,0.02916776949583318,-0.05224241921637957,-0.045060076235460225,-0.010225131946653579,0.003278206014261364,0.04427459777036715,-0.033199025138476626,-0.03625186126335354,-0.058962357171748116,-0.004232185721240761,-0.03863757677099594,-0.041022820382874525,-0.018341185727468047,0.03922071894650763,0.004188548611515086,0.02595607215583481,-0.04065530978259245,-0.038890146260132784,-0.04873865665143115,-0.006443697861966612,0.002711301170917897,0.025873141195979957,0.029708144071014197,0.00955310016080738,0.010213746627675784,0.0017683971763882609,-0.015953057676621144,-0.03150488070495184,0.0031779674899499255,-0.034987997196933185,-0.02286599951356883,0.028328731600366263,-0.010176315788088718,-0.03143508576439495,0.027636127177619374,-0.045543104468095535,0.03623511652425694,-0.03588105397590445],[0.09079750530020447,0.08908420266023905,-0.050841542083902,0.09918762477044397,-0.02292400253117484,-0.04732199160044722,0.010922718565868138,0.042977181588974914,0.02279646860740036,-0.011127473596017387,0.08890242925048691,0.048884911706723,-0.0401309554606072,0.11649385190614417,-0.012100007793582186,0.02593670029474377,-0.014798768334324567,0.07479382872432687,0.05618979695680515,-0.008676011556431993,0.02972714384189969,-0.041764715632691046,0.01890002229637795,-0.04412534075057027,0.03717723695196001,-0.04141401693958077,-0.024536829123898245,-0.04553746515703927,-0.03322078040699408,0.08712782180933515,0.007550635449897214,-0.005003061739724024,0.07457600717716852,-0.0425791560361083,0.04001731436896779,0.06331882658996711,-0.006175788721129448,0.05024223188715693,-0.0335361298439601,0.03408111023044997],[-0.010643996799849436,0.026862912188859125,-0.0025136466350632425,0.02276008906124086,0.01664448728565109,0.020380904106278856,0.04906567406994849,-0.016837152351531243,0.014930955629321506,-0.022685685998265575,0.05660413129881523,-0.005702254311547539,-0.02106063017984714,0.06726908470713477,-0.008426843897166063,-0.04345846896795544,-0.02722711550296289,0.019621910250218488,0.050485765148622,0.00393381233177682,-0.040972264091912784,-0.027965098574237002,0.04330754474997462,-0.024430578633359134,-0.011761162389893677,-0.005142418615497892,-0.029021312814526627,-0.04086905353561874,-0.03618351874693434,-0.03044074519649728,0.03294528345676147,-0.027404658634727127,-0.013145865036747579,-0.009743264324145772,-0.018898705572487594,0.023526573348472378,0.03591487142439214,0.02160330131289594,-0.04335627864209878,0.030197706133079007],[0.019936731742824794,0.031305878586264754,0.018407678632250388,0.040136889560875244,0.028210597580228123,0.015057424619194192,-0.043005278929476226,0.0048388271345788025,0.010305583275784277,